,title,abstract,affiliations,authors,journal,date,keywords,url
0,Diabetes Insipidus,NO_ABSTRACT,"['1 Columbia University Irving Medical Center, New York, NY.']","Alyson Weiner, Patricia Vuguin, ",Pediatrics in review,NO_DATE,NO_KEYWORDS,https://pubmed.ncbi.nlm.nih.gov/32005690
1,Management of central diabetes insipidus,"The treatment of central diabetes insipidus has not changed significantly in recent decades, and dDAVP and replacement of free water deficit remain the cornerstones of treatment. Oral dDAVP has replaced nasal dDAVP as a more reliable mode of treatment for chronic central diabetes insipidus. Hyponatraemia is a common side effect, occurring in one in four patients, and should be avoided by allowing a regular break from dDAVP to allow a resultant aquaresis. Hypernatraemia is less common, and typically occurs during hospitalization, when access to water is restricted, and in cases of adipsic DI. Management of adipsic DI can be challenging, and requires initial inpatient assessment to establish dose of dDAVP, daily fluid prescription, and eunatraemic weight which can guide day-to-day fluid targets in the long-term.","['1 Academic Department of Endocrinology, Beaumont Hospital/RCSI Medical School, Dublin, Ireland. Electronic address: aoife.garrahy@gmail.com.', '2 Academic Department of Endocrinology, Beaumont Hospital/RCSI Medical School, Dublin, Ireland. Electronic address: christhompson@beaumont.ie.']","Aoife Garrahy, Christopher J Thompson, ",Best practice & research. Clinical endocrinology & metabolism,NO_DATE,central diabetes insipidus; dDAVP; vasopressin.,https://pubmed.ncbi.nlm.nih.gov/32169331
2,NO_TITLE,NO_ABSTRACT,NO_AFFILIATIONS,NO_AUTHOR,NO_JOURNAL,NO_DATE,NO_KEYWORDS,https://pubmed.ncbi.nlm.nih.gov/33211437
3,NO_TITLE,NO_ABSTRACT,NO_AFFILIATIONS,NO_AUTHOR,NO_JOURNAL,NO_DATE,NO_KEYWORDS,https://pubmed.ncbi.nlm.nih.gov/30168851
4,NO_TITLE,NO_ABSTRACT,NO_AFFILIATIONS,NO_AUTHOR,NO_JOURNAL,NO_DATE,NO_KEYWORDS,https://pubmed.ncbi.nlm.nih.gov/30859360
5,NO_TITLE,NO_ABSTRACT,NO_AFFILIATIONS,NO_AUTHOR,NO_JOURNAL,NO_DATE,NO_KEYWORDS,https://pubmed.ncbi.nlm.nih.gov/31054927
6,NO_TITLE,NO_ABSTRACT,NO_AFFILIATIONS,NO_AUTHOR,NO_JOURNAL,NO_DATE,NO_KEYWORDS,https://pubmed.ncbi.nlm.nih.gov/30658901
7,NO_TITLE,NO_ABSTRACT,NO_AFFILIATIONS,NO_AUTHOR,NO_JOURNAL,NO_DATE,NO_KEYWORDS,https://pubmed.ncbi.nlm.nih.gov/32138954
8,NO_TITLE,NO_ABSTRACT,NO_AFFILIATIONS,NO_AUTHOR,NO_JOURNAL,NO_DATE,NO_KEYWORDS,https://pubmed.ncbi.nlm.nih.gov/33339353
9,NO_TITLE,NO_ABSTRACT,NO_AFFILIATIONS,NO_AUTHOR,NO_JOURNAL,NO_DATE,NO_KEYWORDS,https://pubmed.ncbi.nlm.nih.gov/31970930
10,NO_TITLE,NO_ABSTRACT,NO_AFFILIATIONS,NO_AUTHOR,NO_JOURNAL,NO_DATE,NO_KEYWORDS,https://pubmed.ncbi.nlm.nih.gov/31445568
11,NO_TITLE,NO_ABSTRACT,NO_AFFILIATIONS,NO_AUTHOR,NO_JOURNAL,NO_DATE,NO_KEYWORDS,https://pubmed.ncbi.nlm.nih.gov/31796109
12,NO_TITLE,NO_ABSTRACT,NO_AFFILIATIONS,NO_AUTHOR,NO_JOURNAL,NO_DATE,NO_KEYWORDS,https://pubmed.ncbi.nlm.nih.gov/30371855
13,NO_TITLE,NO_ABSTRACT,NO_AFFILIATIONS,NO_AUTHOR,NO_JOURNAL,NO_DATE,NO_KEYWORDS,https://pubmed.ncbi.nlm.nih.gov/31500275
14,NO_TITLE,NO_ABSTRACT,NO_AFFILIATIONS,NO_AUTHOR,NO_JOURNAL,NO_DATE,NO_KEYWORDS,https://pubmed.ncbi.nlm.nih.gov/32520455
15,NO_TITLE,NO_ABSTRACT,NO_AFFILIATIONS,NO_AUTHOR,NO_JOURNAL,NO_DATE,NO_KEYWORDS,https://pubmed.ncbi.nlm.nih.gov/32245491
16,NO_TITLE,NO_ABSTRACT,NO_AFFILIATIONS,NO_AUTHOR,NO_JOURNAL,NO_DATE,NO_KEYWORDS,https://pubmed.ncbi.nlm.nih.gov/32679922
17,NO_TITLE,NO_ABSTRACT,NO_AFFILIATIONS,NO_AUTHOR,NO_JOURNAL,NO_DATE,NO_KEYWORDS,https://pubmed.ncbi.nlm.nih.gov/32942867
18,NO_TITLE,NO_ABSTRACT,NO_AFFILIATIONS,NO_AUTHOR,NO_JOURNAL,NO_DATE,NO_KEYWORDS,https://pubmed.ncbi.nlm.nih.gov/31383404
19,NO_TITLE,NO_ABSTRACT,NO_AFFILIATIONS,NO_AUTHOR,NO_JOURNAL,NO_DATE,NO_KEYWORDS,https://pubmed.ncbi.nlm.nih.gov/32848063
20,NO_TITLE,NO_ABSTRACT,NO_AFFILIATIONS,NO_AUTHOR,NO_JOURNAL,NO_DATE,NO_KEYWORDS,https://pubmed.ncbi.nlm.nih.gov/30927919
21,NO_TITLE,NO_ABSTRACT,NO_AFFILIATIONS,NO_AUTHOR,NO_JOURNAL,NO_DATE,NO_KEYWORDS,https://pubmed.ncbi.nlm.nih.gov/31941842
22,NO_TITLE,NO_ABSTRACT,NO_AFFILIATIONS,NO_AUTHOR,NO_JOURNAL,NO_DATE,NO_KEYWORDS,https://pubmed.ncbi.nlm.nih.gov/32431029
23,NO_TITLE,NO_ABSTRACT,NO_AFFILIATIONS,NO_AUTHOR,NO_JOURNAL,NO_DATE,NO_KEYWORDS,https://pubmed.ncbi.nlm.nih.gov/33037108
24,NO_TITLE,NO_ABSTRACT,NO_AFFILIATIONS,NO_AUTHOR,NO_JOURNAL,NO_DATE,NO_KEYWORDS,https://pubmed.ncbi.nlm.nih.gov/32527812
25,NO_TITLE,NO_ABSTRACT,NO_AFFILIATIONS,NO_AUTHOR,NO_JOURNAL,NO_DATE,NO_KEYWORDS,https://pubmed.ncbi.nlm.nih.gov/31717449
26,NO_TITLE,NO_ABSTRACT,NO_AFFILIATIONS,NO_AUTHOR,NO_JOURNAL,NO_DATE,NO_KEYWORDS,https://pubmed.ncbi.nlm.nih.gov/31200184
27,NO_TITLE,NO_ABSTRACT,NO_AFFILIATIONS,NO_AUTHOR,NO_JOURNAL,NO_DATE,NO_KEYWORDS,https://pubmed.ncbi.nlm.nih.gov/33303332
28,NO_TITLE,NO_ABSTRACT,NO_AFFILIATIONS,NO_AUTHOR,NO_JOURNAL,NO_DATE,NO_KEYWORDS,https://pubmed.ncbi.nlm.nih.gov/31784650
29,NO_TITLE,NO_ABSTRACT,NO_AFFILIATIONS,NO_AUTHOR,NO_JOURNAL,NO_DATE,NO_KEYWORDS,https://pubmed.ncbi.nlm.nih.gov/31078742
30,NO_TITLE,NO_ABSTRACT,NO_AFFILIATIONS,NO_AUTHOR,NO_JOURNAL,NO_DATE,NO_KEYWORDS,https://pubmed.ncbi.nlm.nih.gov/31787337
31,NO_TITLE,NO_ABSTRACT,NO_AFFILIATIONS,NO_AUTHOR,NO_JOURNAL,NO_DATE,NO_KEYWORDS,https://pubmed.ncbi.nlm.nih.gov/32768398
32,NO_TITLE,NO_ABSTRACT,NO_AFFILIATIONS,NO_AUTHOR,NO_JOURNAL,NO_DATE,NO_KEYWORDS,https://pubmed.ncbi.nlm.nih.gov/32568860
33,Diabetes mellitus and work,"Diabetes mellitus (DM) affects an increasing proportion of workers, a trend that will compound with the ageing of the workforce. It is therefore important to consider DM in the workplace context. There is an interrelationship between DM and work. Indeed dysglycemia is associated with a greater risk of work accidents and long-term DM complications. On the other side work conditions can affect DM's stability. The consequences are absenteeism, presenteeism, early retirement or even disability with significant socio-economic costs. To keep patients with DM into the workforce, the evaluation of their working conditions is mandatory and ideally in collaboration with the general practitioner, diabetologist and occupational physician (OP). This article outlines some practical guidelines for the evaluation of diabetic's worker.","['1 Service de diabétologie, endocrinologie, hypertension nutrition, HUG, 1211 Genève 14.', '2 Service de médecine du travail, Hôpital du Valais, Avenue du Grand-Champsec 86, 1951 Sion.', '3 Unisanté, Département Santé au travail et Environnement, Route de la Corniche 2, 1066 Epalinges.']","Giacomo Gastaldi, Vanessa Oracion, Victor Dorribo, Jacques A Pralong, ",Revue medicale suisse,2019,NO_KEYWORDS,https://pubmed.ncbi.nlm.nih.gov/31148424
34,NO_TITLE,NO_ABSTRACT,NO_AFFILIATIONS,NO_AUTHOR,NO_JOURNAL,NO_DATE,NO_KEYWORDS,https://pubmed.ncbi.nlm.nih.gov/32327174
35,NO_TITLE,NO_ABSTRACT,NO_AFFILIATIONS,NO_AUTHOR,NO_JOURNAL,NO_DATE,NO_KEYWORDS,https://pubmed.ncbi.nlm.nih.gov/31986514
36,NO_TITLE,NO_ABSTRACT,NO_AFFILIATIONS,NO_AUTHOR,NO_JOURNAL,NO_DATE,NO_KEYWORDS,https://pubmed.ncbi.nlm.nih.gov/31606139
37,NO_TITLE,NO_ABSTRACT,NO_AFFILIATIONS,NO_AUTHOR,NO_JOURNAL,NO_DATE,NO_KEYWORDS,https://pubmed.ncbi.nlm.nih.gov/32987615
38,NO_TITLE,NO_ABSTRACT,NO_AFFILIATIONS,NO_AUTHOR,NO_JOURNAL,NO_DATE,NO_KEYWORDS,https://pubmed.ncbi.nlm.nih.gov/32152821
39,NO_TITLE,NO_ABSTRACT,NO_AFFILIATIONS,NO_AUTHOR,NO_JOURNAL,NO_DATE,NO_KEYWORDS,https://pubmed.ncbi.nlm.nih.gov/30784603
40,NO_TITLE,NO_ABSTRACT,NO_AFFILIATIONS,NO_AUTHOR,NO_JOURNAL,NO_DATE,NO_KEYWORDS,https://pubmed.ncbi.nlm.nih.gov/32990908
41,NO_TITLE,NO_ABSTRACT,NO_AFFILIATIONS,NO_AUTHOR,NO_JOURNAL,NO_DATE,NO_KEYWORDS,https://pubmed.ncbi.nlm.nih.gov/31668564
42,NO_TITLE,NO_ABSTRACT,NO_AFFILIATIONS,NO_AUTHOR,NO_JOURNAL,NO_DATE,NO_KEYWORDS,https://pubmed.ncbi.nlm.nih.gov/30819684
43,NO_TITLE,NO_ABSTRACT,NO_AFFILIATIONS,NO_AUTHOR,NO_JOURNAL,NO_DATE,NO_KEYWORDS,https://pubmed.ncbi.nlm.nih.gov/29345152
44,NO_TITLE,NO_ABSTRACT,NO_AFFILIATIONS,NO_AUTHOR,NO_JOURNAL,NO_DATE,NO_KEYWORDS,https://pubmed.ncbi.nlm.nih.gov/30871303
45,NO_TITLE,NO_ABSTRACT,NO_AFFILIATIONS,NO_AUTHOR,NO_JOURNAL,NO_DATE,NO_KEYWORDS,https://pubmed.ncbi.nlm.nih.gov/33135777
46,NO_TITLE,NO_ABSTRACT,NO_AFFILIATIONS,NO_AUTHOR,NO_JOURNAL,NO_DATE,NO_KEYWORDS,https://pubmed.ncbi.nlm.nih.gov/31797541
47,NO_TITLE,NO_ABSTRACT,NO_AFFILIATIONS,NO_AUTHOR,NO_JOURNAL,NO_DATE,NO_KEYWORDS,https://pubmed.ncbi.nlm.nih.gov/33317692
48,NO_TITLE,NO_ABSTRACT,NO_AFFILIATIONS,NO_AUTHOR,NO_JOURNAL,NO_DATE,NO_KEYWORDS,https://pubmed.ncbi.nlm.nih.gov/31052256
49,NO_TITLE,NO_ABSTRACT,NO_AFFILIATIONS,NO_AUTHOR,NO_JOURNAL,NO_DATE,NO_KEYWORDS,https://pubmed.ncbi.nlm.nih.gov/31345525
50,NO_TITLE,NO_ABSTRACT,NO_AFFILIATIONS,NO_AUTHOR,NO_JOURNAL,NO_DATE,NO_KEYWORDS,https://pubmed.ncbi.nlm.nih.gov/32138955
51,NO_TITLE,NO_ABSTRACT,NO_AFFILIATIONS,NO_AUTHOR,NO_JOURNAL,NO_DATE,NO_KEYWORDS,https://pubmed.ncbi.nlm.nih.gov/32659517
52,NO_TITLE,NO_ABSTRACT,NO_AFFILIATIONS,NO_AUTHOR,NO_JOURNAL,NO_DATE,NO_KEYWORDS,https://pubmed.ncbi.nlm.nih.gov/33470075
53,NO_TITLE,NO_ABSTRACT,NO_AFFILIATIONS,NO_AUTHOR,NO_JOURNAL,NO_DATE,NO_KEYWORDS,https://pubmed.ncbi.nlm.nih.gov/31665258
54,NO_TITLE,NO_ABSTRACT,NO_AFFILIATIONS,NO_AUTHOR,NO_JOURNAL,NO_DATE,NO_KEYWORDS,https://pubmed.ncbi.nlm.nih.gov/30715927
55,NO_TITLE,NO_ABSTRACT,NO_AFFILIATIONS,NO_AUTHOR,NO_JOURNAL,NO_DATE,NO_KEYWORDS,https://pubmed.ncbi.nlm.nih.gov/31059279
56,NO_TITLE,NO_ABSTRACT,NO_AFFILIATIONS,NO_AUTHOR,NO_JOURNAL,NO_DATE,NO_KEYWORDS,https://pubmed.ncbi.nlm.nih.gov/31987212
57,NO_TITLE,NO_ABSTRACT,NO_AFFILIATIONS,NO_AUTHOR,NO_JOURNAL,NO_DATE,NO_KEYWORDS,https://pubmed.ncbi.nlm.nih.gov/33330121
58,NO_TITLE,NO_ABSTRACT,NO_AFFILIATIONS,NO_AUTHOR,NO_JOURNAL,NO_DATE,NO_KEYWORDS,https://pubmed.ncbi.nlm.nih.gov/30638905
59,NO_TITLE,NO_ABSTRACT,NO_AFFILIATIONS,NO_AUTHOR,NO_JOURNAL,NO_DATE,NO_KEYWORDS,https://pubmed.ncbi.nlm.nih.gov/32247787
60,NO_TITLE,NO_ABSTRACT,NO_AFFILIATIONS,NO_AUTHOR,NO_JOURNAL,NO_DATE,NO_KEYWORDS,https://pubmed.ncbi.nlm.nih.gov/33339741
61,NO_TITLE,NO_ABSTRACT,NO_AFFILIATIONS,NO_AUTHOR,NO_JOURNAL,NO_DATE,NO_KEYWORDS,https://pubmed.ncbi.nlm.nih.gov/33380527
62,NO_TITLE,NO_ABSTRACT,NO_AFFILIATIONS,NO_AUTHOR,NO_JOURNAL,NO_DATE,NO_KEYWORDS,https://pubmed.ncbi.nlm.nih.gov/32993088
63,NO_TITLE,NO_ABSTRACT,NO_AFFILIATIONS,NO_AUTHOR,NO_JOURNAL,NO_DATE,NO_KEYWORDS,https://pubmed.ncbi.nlm.nih.gov/33216248
64,NO_TITLE,NO_ABSTRACT,NO_AFFILIATIONS,NO_AUTHOR,NO_JOURNAL,NO_DATE,NO_KEYWORDS,https://pubmed.ncbi.nlm.nih.gov/32205050
65,NO_TITLE,NO_ABSTRACT,NO_AFFILIATIONS,NO_AUTHOR,NO_JOURNAL,NO_DATE,NO_KEYWORDS,https://pubmed.ncbi.nlm.nih.gov/32708025
66,NO_TITLE,NO_ABSTRACT,NO_AFFILIATIONS,NO_AUTHOR,NO_JOURNAL,NO_DATE,NO_KEYWORDS,https://pubmed.ncbi.nlm.nih.gov/33258393
67,NO_TITLE,NO_ABSTRACT,NO_AFFILIATIONS,NO_AUTHOR,NO_JOURNAL,NO_DATE,NO_KEYWORDS,https://pubmed.ncbi.nlm.nih.gov/30963883
68,NO_TITLE,NO_ABSTRACT,NO_AFFILIATIONS,NO_AUTHOR,NO_JOURNAL,NO_DATE,NO_KEYWORDS,https://pubmed.ncbi.nlm.nih.gov/31733632
69,NO_TITLE,NO_ABSTRACT,NO_AFFILIATIONS,NO_AUTHOR,NO_JOURNAL,NO_DATE,NO_KEYWORDS,https://pubmed.ncbi.nlm.nih.gov/32805147
70,Hereditary Neurohypophyseal Diabetes Insipidus,"Neurohypophyseal diabetes insipidus (DI) is most often caused by trauma, including operations, and infiltrating processes in the hypothalamic-pituitary region. Irradiation, ischemia, infections, or autoimmunity can also underlie the disease. Since the middle of the nineteenth century, familial forms of neurohypophyseal DI have been described. Most commonly, the disease is transmitted in an autosomal dominant fashion; very rarely, autosomal recessive inheritance has been observed. Hereditary neurohypophyseal DI is caused by mutations in the gene encoding the antidiuretic hormone vasopressin (AVP) and its carrier protein neurophysin II (NPII). Symptoms result from the lack of hormone, or from the inability of mutant AVP to activate its renal receptor, and respond to treatment with desmopressin (DDAVP). Dominant mutations cause retention of the hormone precursor in the endoplasmic reticulum (ER) of vasopressinergic neurons in the hypothalamus, resulting in cellular dysfunction and eventually neuronal death. This so-called neurotoxicity hypothesis was initially established on the basis of autopsy studies in affected humans and has been supported by heterologous cell culture expression experiments and murine knock-in models. Current data show that retained mutants fail to be eliminated by the cell's quality control system and accumulate in fibrillar aggregations within the ER. Autosomal dominant neurohypophyseal DI may thus be viewed as a neurodegenerative disease confined to vasopressinergic neurons.","['1 Biozentrum, University of Basel, Basel, Switzerland. j.rutishauser@unibas.ch.', '2 Biozentrum, University of Basel, Basel, Switzerland.']","Jonas Rutishauser, Nicole Beuret, Cristina Prescianotto-Baschong, Martin Spiess, ",Experientia supplementum (2012),NO_DATE,Aggregation; Diabetes insipidus; Endoplasmic reticulum; Hereditary; Neurohypophyseal; Neurophysin; Vasopressin; Wolfram syndrome.,https://pubmed.ncbi.nlm.nih.gov/31588537
71,Primary polydipsia: Update,"In primary polydipsia pathologically high levels of water intake physiologically lower arginine vasopressin (AVP) secretion, and in this way mirror the secondary polydipsia in diabetes insipidus in which pathologically low levels of AVP (or renal responsiveness to AVP) physiologically increase water intake. Primary polydipsia covers several disorders whose clinical features and significance, risk factors, pathophysiology and treatment are reviewed here. While groupings may appear somewhat arbitrary, they are associated with distinct alterations in physiologic parameters of water balance. The polydipsia is typically unrelated to homeostatic regulation of water intake, but instead reflects non-homeostatic influences. Recent technological advances, summarized here, have disentangled functional neurocircuits underlying both homeostatic and non-homeostatic physiologic influences, which provides an opportunity to better define the mechanisms of the disorders. We summarize this recent literature, highlighting hypothalamic circuitry that appears most clearly positioned to contribute to primary polydipsia. The life-threatening water imbalance in psychotic disorders is caused by an anterior hippocampal induced stress-diathesis that can be reproduced in animal models, and involves phylogenetically preserved pathways that appear likely to include one or more of these circuits. Ongoing translational neuroscience studies in these animal models may potentially localize reversible pathological changes which contribute to both the water imbalance and psychotic disorder.","['1 Department of Psychiatry, Northwestern University Feinberg School of Medicine, Chicago, IL, 60611, USA. Electronic address: dr.ahmadileeda@gmail.com.', '2 Department of Psychiatry, Northwestern University Feinberg School of Medicine, Chicago, IL, 60611, USA. Electronic address: m-goldman@northwestern.edu.']","Leeda Ahmadi, Morris B Goldman, ",Best practice & research. Clinical endocrinology & metabolism,NO_DATE,arginine vasopressin; compulsive water drinking; hyponatremia; psychogenic polydipsia; psychosis-intermittent hyponatremia-polydipsia syndrome; schizophrenia.,https://pubmed.ncbi.nlm.nih.gov/33222764
72,Diabetes Insipidus: An Update,"The differential diagnosis of diabetes insipidus involves the distinction between central or nephrogenic diabetes insipidus and primary polydipsia. Differentiation is important because treatment strategies vary; the wrong treatment can be dangerous. Reliable differentiation is difficult especially in patients with primary polydipsia or partial forms of diabetes insipidus. New diagnostic algorithms are based on the measurement of copeptin after osmotic stimulation by hypertonic saline infusion or after nonosmotic stimulation by arginine and have a higher diagnostic accuracy than the water deprivation test. Treatment involves correcting preexisting water deficits, but is different for central diabetes insipidus, nephrogenic diabetes insipidus, and primary polydipsia.","['1 Division of Endocrinology, Diabetes and Metabolism, Department of Clinical Research, University Hospital Basel, University of Basel, Basel, Switzerland; Department of Endocrinology, University Hospital Basel, University of Basel, Petersgraben 4, Basel 4031, Switzerland.', '2 Division of Endocrinology, Diabetes and Metabolism, Department of Clinical Research, University Hospital Basel, University of Basel, Basel, Switzerland; Department of Endocrinology, University Hospital Basel, University of Basel, Petersgraben 4, Basel 4031, Switzerland. Electronic address: mirjam.christ@usb.ch.']","Julie Refardt, Bettina Winzeler, Mirjam Christ-Crain, ",Endocrinology and metabolism clinics of North America,NO_DATE,Diabetes insipidus; Polyuria polydipsia syndrome; Primary polydipsia.,https://pubmed.ncbi.nlm.nih.gov/32741486
73,Familial central diabetes insipidus,NO_ABSTRACT,"['1 Servicio de Pediatría, Endocrinología Pediátrica, Hospital Clínico Universitario, Valladolid, España. Electronic address: pilarbahilloc@yahoo.es.', '2 Servicio de Pediatría, Endocrinología Pediátrica, Hospital Clínico Universitario, Valladolid, España.', '3 Biocruces Bizkaia Research Institute, Barakaldo, Bizkaia, España; Enfermedades raras Centro de Investigación Biomédica en Red (CIBERER), España; Centro de Investigación Biomédica en Red de Diabetes y Enfermedades Metabólicas Asociadas (CIBERDEM), España.']","M Pilar Bahíllo-Curieses, Marta Palomares-Cardador, Alejandro García-Castaño, ",Medicina clinica,2020,NO_KEYWORDS,https://pubmed.ncbi.nlm.nih.gov/32165002
74,Risk of vertebral fractures in hypoparathyroidism,"Parathyroid hormone (PTH) exerts both anabolic and catabolic actions on bone,depending on the duration and periodicity of exposure. Hypoparathyroidism is defined by inadequate production of PTH in the presence oflow serum calcium. In hypoparathyroidism it has been reported an increase in corticaland trabecular bone mass, but it is still unknown if these quantitative variations maybe accompanied by qualitative ones and increased bone strength. Despite the extensive data available on the effects of hypoparathyroidism on bone, itseffect on the hard end point in this area which is the risk of fractures still remainsunresolved and highly debated. As a matter of fact no previous review has focused onthis relevant clinical topic. This review will deal with the various aspects of bone metabolism (turn-over,density, quality) in hypoparathyroidism, focusing on the few data available on therisk of fracture and in particular of morphometric vertebral fractures, the emerging way to assess actual skeletal fragility particularly in secondary forms of osteoporosis.","['1 San Raffaele Vita-Salute University Via Olgettina, Milano, Italy.', '2 University of Brescia, Brescia, Italy.', '3 San Raffaele Vita-Salute University Via Olgettina, Milano, Italy. giustina.andrea@hsr.it.']","Anna Maria Formenti, Francesco Tecilazich, Raffaele Giubbini, Andrea Giustina, ",Reviews in endocrine & metabolic disorders,NO_DATE,Bone metabolism; Bone mineral density; Bone quality; Hypoparathyroidism; Morphometry; Parathyroid hormone; Vertebral fractures.,https://pubmed.ncbi.nlm.nih.gov/31471845
75,NO_TITLE,NO_ABSTRACT,NO_AFFILIATIONS,NO_AUTHOR,NO_JOURNAL,NO_DATE,NO_KEYWORDS,https://pubmed.ncbi.nlm.nih.gov/32768949
76,Nephrogenic Diabetes Insipidus,"Nephrogenic diabetes insipidus (NDI) results from the inability of the late distal tubules and collecting ducts to respond to vasopressin. The lack of ability to concentrate urine results in polyuria and polydipsia. Primary and acquired forms of NDI exist in children. Congenital NDI is a result of mutation in AVPR2 or AQP2 genes. Secondary NDI is associated with electrolyte abnormalities, obstructive uropathy, or certain medications. Management of NDI can be difficult with only symptomatic treatment available, using low-solute diet, diuretics, and prostaglandin inhibitors.","['1 Department of Pediatric Nephrology, Columbia University Medical Center, 3959 Broadway, CHN 1115, New York, NY 10032, USA.', '2 Department of Pediatric Nephrology, Columbia University Medical Center, 3959 Broadway, CHN 1115, New York, NY 10032, USA. Electronic address: nsu1@columbia.edu.']","Catherine Kavanagh, Natalie S Uy, ",Pediatric clinics of North America,NO_DATE,Aquaporin; Nephrogenic diabetes insipidus; Polydipsia; Polyuria; Vasopressin.,https://pubmed.ncbi.nlm.nih.gov/30454745
77,Nephrogenic Diabetes Insipidus,"Body fluid homeostasis is essential for normal life. In the maintenance of water balance, the most important factor and regulated process is the excretory function of the kidneys. The kidneys are capable to compensate not only the daily fluctuations of water intake but also the consequences of fluid loss (respiration, perspiration, sweating, hemorrhage). The final volume and osmolality of the excreted urine is set in the collecting duct via hormonal regulation. The hormone of water conservation is the vasopressin (AVP), and a large volume of urine is produced and excreted in the absence of AVP secretion or if AVP is ineffective in the kidneys. The aquaporin-2 water channel (AQP2) is expressed in the principal cells, and it plays an essential role in the reabsorption of water in the collecting ducts via type 2 vasopressin receptor (V2R)-mediated mechanism. If neural or hormonal regulation fails to operate the normal function of AVP-V2R-AQP2 system, it can result in various diseases such as diabetes insipidus (DI) or nephrogenic syndrome of inappropriate diuresis (NSIAD). The DI is characterized by excessive production of hyposmotic urine (""insipidus"" means tasteless) due to the inability of the kidneys to concentrate urine. In this chapter, we focus and discuss the pathophysiology of nephrogenic DI (NDI) and the potential therapeutic interventions in the light of the current experimental data.","['1 Faculty of Medicine, Department of Physiology, Semmelweis University, Budapest, Hungary.', '2 MTA-SE Laboratory of Molecular Physiology, Hungarian Academy of Sciences, Semmelweis University, Budapest, Hungary.', '3 Faculty of Medicine, Department of Physiology, Semmelweis University, Budapest, Hungary. hunyady.laszlo@med.semmelweis-univ.hu.', '4 MTA-SE Laboratory of Molecular Physiology, Hungarian Academy of Sciences, Semmelweis University, Budapest, Hungary. hunyady.laszlo@med.semmelweis-univ.hu.']","András Balla, László Hunyady, ",Experientia supplementum (2012),NO_DATE,AQP2 gene; AVPR2 gene; Diabetes insipidus; G protein-coupled receptor (GPCR); NDI; Nephrogenic diabetes insipidus; Signal transduction; Type 2 vasopressin receptor (V2R).,https://pubmed.ncbi.nlm.nih.gov/31588538
78,Diagnosis and differential diagnosis of diabetes insipidus: Update,"The two main differential diagnoses of central diabetes insipidus are nephrogenic diabetes insipidus and primary polydipsia. Reliable distinction between those entities is essential as treatment differs substantially with the wrong treatment potentially leading to serious complications. Past diagnostic measures using the indirect water deprivation test had several pitfalls, resulting in a low diagnostic accuracy. With the introduction of copeptin, a stable and reliable surrogate marker for arginine vasopressin, diagnosis of diabetes insipidus was new evaluated. While unstimulated basal copeptin measurement reliably diagnoses nephrogenic diabetes insipidus, a stimulation test is needed to differentiate patients with central diabetes insipidus from patients with primary polydipsia. Stimulation can either be achieved through hypertonic saline infusion or arginine infusion. While the former showed high diagnostic accuracy and superiority over the indirect water deprivation test in a recent validation study, the diagnostic accuracy for arginine-stimulated copeptin was slightly lower, but superior in test tolerance. In summary of the recent findings, a new copeptin based diagnostic algorithm is proposed for the reliable diagnosis of diabetes insipidus.","['1 Departments of Endocrinology, Diabetology and Metabolism, University Hospital Basel, Switzerland; University of Basel, Basel, Switzerland. Electronic address: julie.refardt@usb.ch.']","Julie Refardt, ",Best practice & research. Clinical endocrinology & metabolism,NO_DATE,copeptin; diabetes insipidus; diagnosis; polyuria-polydipsia syndrome; primary polydipsia.,https://pubmed.ncbi.nlm.nih.gov/32387127
79,NO_TITLE,NO_ABSTRACT,NO_AFFILIATIONS,NO_AUTHOR,NO_JOURNAL,NO_DATE,NO_KEYWORDS,https://pubmed.ncbi.nlm.nih.gov/31959809
80,Tackling Acute Lymphoblastic Leukemia-One Fish at a Time,"Despite advancements in the diagnosis and treatment of acute lymphoblastic leukemia (ALL), a need for improved strategies to decrease morbidity and improve cure rates in relapsed/refractory ALL still exists. Such approaches include the identification and implementation of novel targeted combination regimens, and more precise upfront patient risk stratification to guide therapy. New curative strategies rely on an understanding of the pathobiology that derives from systematically dissecting each cancer's genetic and molecular landscape. Zebrafish models provide a powerful system to simulate human diseases, including leukemias and ALL specifically. They are also an invaluable tool for genetic manipulation, in vivo studies, and drug discovery. Here, we highlight and summarize contributions made by several zebrafish T-ALL models and newer zebrafish B-ALL models in translating the underlying genetic and molecular mechanisms operative in ALL, and also highlight their potential utility for drug discovery. These models have laid the groundwork for increasing our understanding of the molecular basis of ALL to further translational and clinical research endeavors that seek to improve outcomes in this important cancer.","['1 Jimmy Everest Section of Pediatric Hematology-Oncology, Department of Pediatrics, University of Oklahoma Health Sciences Center, Oklahoma City, OK 73104, USA.', '2 Department of Cell Biology, University of Oklahoma Health Sciences Center, Oklahoma City, OK 73104, USA.']","Arpan A Sinha, Gilseung Park, J Kimble Frazer, ",International journal of molecular sciences,2019,B-ALL; MYC; T-ALL; leukemia; leukemia models; zebrafish.,https://pubmed.ncbi.nlm.nih.gov/31731471
81,Central diabetes insipidus in children: Diagnosis and management,"Central diabetes insipidus (CDI) is a complex disorder in which large volumes of dilute urine are excreted due to arginine-vasopressin deficiency, and it is caused by a variety of conditions (genetic, congenital, inflammatory, neoplastic, traumatic) that arise mainly from the hypothalamus. The differential diagnosis between diseases presenting with polyuria and polydipsia is challenging and requires a detailed medical history, physical examination, biochemical approach, imaging studies and, in some cases, histological confirmation. Magnetic resonance imaging is the gold standard method for evaluating the sellar-suprasellar region in CDI. Pituitary stalk size at presentation is variable and can change over time, depending on the underlying condition, and other brain areas or other organs - in specific diseases - may become involved during follow up. An early diagnosis and treatment are preferable in order to avoid central nervous system damage and the risk of dissemination of germ cell tumor, or progression of Langerhans Cell Histiocytosis, and in order to start treatment of additional pituitary defects without further delay. This review focuses on current diagnostic work-up and on the role of neuroimaging in the differential diagnosis of CDI in children and adolescents. It provides an update on the best approach for diagnosis - including novel biochemical markers such as copeptin - treatment and follow up of children and adolescents with CDI; it also describes the best approach to challenging situations such as post-surgical patients, adipsic patients, patients undergoing chemotherapy and/or in critical care.","['1 Department of Pediatrics, IRCCS Istituto Giannina Gaslini, University of Genova, Genova, Italy; Department of Neuroscience, Rehabilitation, Ophthalmology, Genetics, Maternal and Child Health, University of Genova, Genova, Italy.', '2 SSD Endocrinologia Pediatrica, Ospedale Pediatrico Microcitemico ""A. Cao"", AO Brotzu, Cagliari, Italy.', '3 Department of Neurosciences, University of Turin, Turin, Italy; Department of Neuroradiology, IRCCS Istituto Giannina Gaslini, Genova, Italy.', '4 Department of Pediatrics, IRCCS Istituto Giannina Gaslini, University of Genova, Genova, Italy.', '5 Department of Pediatrics, IRCCS Istituto Giannina Gaslini, University of Genova, Genova, Italy; Department of Neuroscience, Rehabilitation, Ophthalmology, Genetics, Maternal and Child Health, University of Genova, Genova, Italy. Electronic address: mohamadmagnie@gaslini.org.']","Giuseppa Patti, Anastasia Ibba, Giovanni Morana, Flavia Napoli, Daniela Fava, Natascia di Iorgi, Mohamad Maghnie, ",Best practice & research. Clinical endocrinology & metabolism,NO_DATE,DDAVP; Langerhans cell histiocytosis; MRI; diabetes insipidus; germ cell tumors; posterior pituitary.,https://pubmed.ncbi.nlm.nih.gov/32646670
82,NO_TITLE,NO_ABSTRACT,NO_AFFILIATIONS,NO_AUTHOR,NO_JOURNAL,NO_DATE,NO_KEYWORDS,https://pubmed.ncbi.nlm.nih.gov/31836455
83,Sodium Perturbations After Pituitary Surgery,"Sodium perturbations are a common complication after pituitary surgery, with hyponatremia being the most frequent. Postoperative assessments should be tailored to the early and late periods, and monitoring sodium perturbations is recommended. Cerebral salt wasting is rare after pituitary surgery, and diagnosis and management can be challenging. Providing patient counseling and close postoperative follow-up is important to effectively manage diabetes insipidus and reduce hospital readmissions due to sodium perturbations.","[""1 Department of Neuroendocrinology, Barrow Pituitary Center, Barrow Neurological Institute, St. Joseph's Hospital and Medical Center, University of Arizona College of Medicine and Creighton School of Medicine, 124 W Thomas Road, Suite 300, Phoenix, AZ 85013, USA. Electronic address: kevin.yuen@dignityhealth.org."", ""2 Department of Internal Medicine and Endocrinology, St. Joseph's Hospital and Medical Center, Creighton University School of Medicine, 500 W Thomas Road, Suite 900B Phoenix, AZ 85013, USA."", '3 Department of Medicine, Division of Endocrinology, Diabetes and Metabolism, Phoenix Veterans Administration Medical Center, University of Arizona College of Medicine, Creighton School of Medicine and Mayo School of Medicine, 650 E Indian School Road, Building 21, Suite 117, Phoenix, AZ 85014, USA.', ""4 Department of Neurosurgery, Barrow Pituitary Center, Barrow Neurological Institute, St. Joseph's Hospital and Medical Center, University of Arizona College of Medicine, 300 W Thomas Road, Phoenix, AZ 85013, USA.""]","Kevin C J Yuen, Adnan Ajmal, Ricardo Correa, Andrew S Little, ",Neurosurgery clinics of North America,NO_DATE,Diabetes insipidus; Hypernatremia; Hyponatremia; Pituitary surgery; SIADH; Transsphenoidal surgery.,https://pubmed.ncbi.nlm.nih.gov/31471059
84,Genetic forms of neurohypophyseal diabetes insipidus,"In the majority of cases, hereditary neurohypophyseal diabetes insipidus (DI) is a monogenic disorder caused by mutations in the AVP gene. Dominant transmission is by far the most common form. In these patients, symptoms develop gradually at various ages during childhood, progressing with complete penetrance to polyuria and polydipsia that is usually severe. In autosomal dominant neurohypophyseal DI (ADNDI), the mutant prohormone is folding deficient and consequently retained in the ER, where it forms amyloid-like fibrillar aggregates. Degradation by proteasomes occurs, but their clearance capacity appears to be insufficient. Postmortem studies in affected individuals suggest a neurodegenerative process confined to vasopressinergic neurons. Other forms of genetic neurohypophyseal DI include the very rare autosomal recessive type, also caused by mutations in the AVP gene, and complex multiorgan disorders, such as Wolfram syndrome. In all individuals where a congenital form of DI is suspected, including nephrogenic types, genetic analysis should be performed.","['1 University of Basel, Biozentrum, Klingelbergstrasse 50/70, CH-4056 Basel, Switzerland. Electronic address: martin.spiess@unibas.ch.', '2 University of Basel, Biozentrum, Klingelbergstrasse 50/70, CH-4056 Basel, Switzerland. Electronic address: nicole.beuret@unibas.ch.', '3 University of Basel, Biozentrum, Klingelbergstrasse 50/70, CH-4056 Basel, Switzerland; Kantonsspital Baden, Clinical Trial Unit, Im Ergel 1, CH-5405 Baden, Switzerland. Electronic address: j.rutishauser@unibas.ch.']","Martin Spiess, Nicole Beuret, Jonas Rutishauser, ",Best practice & research. Clinical endocrinology & metabolism,NO_DATE,diabetes insipidus; hereditary; neurohypophyseal; neurophysin; vasopressin.,https://pubmed.ncbi.nlm.nih.gov/32712149
85,Neuroendocrine changes after aneurysmal subarachnoid haemorrhage,"Introduction:
        
      
      The prevalence of pituitary dysfunction is high following aneurysmal subarachnoid hemorrhage (aSAH) and when occurs it may contribute to residual symptoms of aSAH such as decreased cognition and quality of life. Hypopituitarism following aSAH may have non-specific, subtle symptoms and potentially serious consequences if remained undiagnosed. Methods:
        
      
      We reviewed the literature on epidemiology, pathophysiology, diagnostic methods and management of neuroendocrine changes after aSAH as well as on the impact of pituitary dysfunction on outcome of the patient. Results:
        
      
      The prevalence rates of pituitary dysfunction after aSAH varies greatly across studies due to different diagnostic methods, though growth hormone deficiency is generally the most frequently reported followed by adrenocorticotropic hormone, gonadotropin and thyroid stimulating hormone deficiencies. Pituitary deficiency tends to improve over time after aSAH but new onset deficiencies in chronic phase may also occur. There are no clinical parameters to predict the presence of hypopituitarism after aSAH. Age of the patient and surgical procedures are risk factors associated with development of hypopituitarism but the effect of pituitary dysfunction on outcome of the patient is not clear. Replacement of hypocortisolemia and hypothyroidism is essential but treatment of other hormonal insufficiencies should be individualized. Conclusions:
        
      
      Hypopituitarism following aSAH necessitates screening despite lack of gold standard evaluation tests and cut-off values in the follow up, because missed diagnosis may lead to untoward consequences.","['1 Department of Endocrinology and Metabolism, Erciyes University Medical School, Kayseri, Turkey. zuleyha@erciyes.edu.tr.', '2 Department of Endocrinology and Metabolism, Erciyes University Medical School, Kayseri, Turkey.', '3 Department of Endocrinology and Metabolism, Yeditepe University Medical School, Istanbul, Turkey.']","Zuleyha Karaca, Aysa Hacioglu, Fahrettin Kelestimur, ",Pituitary,NO_DATE,Aneurysmal subarachnoid haemorrhage; Diabetes insipidus; Hypopituitarism; Neuroendocrine dysfunction.,https://pubmed.ncbi.nlm.nih.gov/30637621
86,Nephrogenic syndrome of inappropriate antidiuresis,"Disorders of water balance are a disease commonly encountered in our clinical practice. Analysis of vasopressin receptor type II (V2R) is essential to understand the physiology of water balance and it is used as a biological prototype of G protein-coupled receptors (GPCRs). Nephrogenic syndrome of inappropriate antidiuresis (NSIAD) is a syndrome of inappropriate antidiuretic hormone secretion (SIADH) with low plasmatic vasopressin. The evidence on the role of V2 receptor and of aquaporin (AQP) in the mechanism of action for antidiuretic hormone (ADH) was based on the identification of protein gene mutations in patients with nephrogenic diabetes insipidus and NSIAD syndrome. V2R activating mutations were found in patients with NSIAD, contrasting with the numerous V2R inactivating mutations related to X-linked mutations described in patients with nephrogenic diabetes insipidus.","['1 Service de Néphrologie, CHU Mohammed VI, Oujda, Maroc.', '2 Service de Néphrologie, Hôpital Privé des Peupliers, 75013 Paris, Paris, France.']","Benabdellah Nawal, Hassan Izzedine, Intissar Haddiya, Yassamine Bentata, ",The Pan African medical journal,2019,Arginine vasopressin; G-protein coupled receptors; nephrogenic syndrome of inappropriate antidiuresis; syndrome of inappropriate antidiuretic hormone secretion; vasopressin receptor type II.,https://pubmed.ncbi.nlm.nih.gov/31312322
87,The authors reply,NO_ABSTRACT,"['1 Division of Critical Care Medicine, Department of Medicine, Montefiore Medical Center, Albert Einstein College of Medicine, Bronx, NY Department of Pharmacy, Montefiore Medical Center, Bronx, NY Division of Critical Care Medicine, Department of Medicine, Montefiore Medical Center, Albert Einstein College of Medicine, Bronx, NY.']","Peter V Dicpinigaitis, Nadia Ferguson, Nail Cemalovic, Hannah Ferenchick, ",Critical care medicine,NO_DATE,NO_KEYWORDS,https://pubmed.ncbi.nlm.nih.gov/32058400
88,SIRT1 inhibits gastric cancer proliferation and metastasis via STAT3/MMP-13 signaling,"Gastric cancer prognoses are persistently poor due to cancer's penchant to metastasize. As a crucial regulator of signal transducer and activator of transcription (STAT3) signaling, sirtuin 1's (SIRT1) function in gastric cancer has not been well understood. Here, we report upregulated expression of SIRT1 in tissues isolated from gastric cancer patients. However, we show that the depletion of SIRT1-mediated enhanced cancer cell proliferation and metastasis, and resulted in the enrichment of phosphorylated STAT3, acetylated STAT3, and matrix metalloproteinase 13 (MMP-13) in both in vivo and in vitro experiments. Additionally, we demonstrate that small interfering RNAs targeting the production of STAT3, AG490, and CL-821983 in cancer cells depleted of SIRT1 reduce metastasis. Our findings indicate that MMP-13 expression is associated with lymph node metastasis and poor survival outcomes in gastric cancer patients. In vivo models also showed that depleted SIRT1 promoted gastric cancer growth via the STAT3/MMP-13 axis. In conclusion, SIRT1 depletion encourages gastric cancer progression through the activation of STAT3/MMP-13 signaling, suggesting that SIRT1 may function as a tumor suppressor. We postulate that the upregulation of SIRT1 in gastric cancer patients may be the result of a feedback mechanism that aims to oppose the damaging effects of STAT3 signaling. As such, SIRT1 activators could potentially serve as preventive and therapeutic treatments for metastatic gastric cancer.","['1 Department of Gastroenterology, Nanjing University Medical School Affiliated Drum Tower Hospital, Nanjing, China.', '2 Jiangsu Clinical Medical Center of Digestive Disease, Nanjing, China.', '3 Department of Gastroenterology, Nanjing Medical University Affiliated Drum Tower Clinical Medical College, Nanjing, China.', '4 Department of Pathology, Drum Tower Hospital Affiliated Medical School of Nanjing University, Nanjing, China.', ""5 Department of Gastroenterology, First People's Hospital of Xuzhou, Xuzhou, China.""]","Shu Zhang, Yang Yang, Shuling Huang, Chao Deng, Siqi Zhou, Jie Yang, Yu Cao, Lei Xu, Yue Yuan, Jun Yang, Guangxia Chen, Lin Zhou, Ying Lv, Lei Wang, Xiaoping Zou, ",Journal of cellular physiology,NO_DATE,MMP-13; SIRT1; STAT3; gastric cancer; metastasis.,https://pubmed.ncbi.nlm.nih.gov/30710340
89,Arginine-stimulated copeptin measurements in the differential diagnosis of diabetes insipidus: a prospective diagnostic study,"Background:
        
      
      Differential diagnosis of diabetes insipidus is challenging. The most reliable approach is hypertonic saline-stimulated copeptin measurements. However, this test is based on the induction of hypernatraemia and requires close monitoring of plasma sodium concentrations. Arginine-stimulated copeptin measurements might provide an alternative, simple, and safe test. Methods:
        
      
      In this prospective diagnostic study, we recruited a development cohort from University Hospital Basel, Basel, Switzerland, and a validation cohort from five centres in Basel, Aarau, Luzern, Bern, and St Gallen, Switzerland, and the University Hospital Würzburg, Würzburg, Germany. For both cohorts, patients were eligible for inclusion if they were aged 18 years or older, were newly referred with polyuria (>50 mL/kg bodyweight per day) or had a known diagnosis of central diabetes insipidus or primary polydipsia. We also recruited a comparator cohort of healthy controls in parallel to each cohort, comprising adults (aged 18 years and older, with normal drinking habits, and no history of polyuria) and children who underwent arginine stimulation to diagnose growth hormone deficiency (children were only included in the comparator cohort to the development cohort as proof of concept). Patients and healthy controls underwent arginine stimulation with measurement of plasma copeptin at baseline and 30, 45, 60, 90, and 120 min. The primary objective in the development cohort was to determine the diagnostic accuracy of plasma copeptin concentrations to discriminate between diabetes insipidus and primary polydipsia, and in the validation cohort was to confirm those results. Adverse effects of the test were monitored in all participants, with tolerability of the test rated using a visual analogue scale (VAS) that ranged from no (0) to maximum (10) discomfort. This trial is registered with ClinicalTrials.gov, number NCT00757276. Findings:
        
      
      Between May 24, 2013, and Jan 11, 2017, 52 patients were enrolled in the development cohort (12 [23%] with complete diabetes insipidus, nine [17%] with partial diabetes insipidus, and 31 [60%] with primary polydipsia) alongside 20 healthy adults and 42 child controls. Between Oct 24, 2017, and June 27, 2018, 46 patients were enrolled in the validation cohort (12 [26%] with complete diabetes insipidus, seven [15%] with partial diabetes insipidus, and 27 [59%] with primary polydipsia) alongside 30 healthy adult controls (two patients in this cohort were excluded from the main analysis because of early vomiting during the test). In the pooled patient and control datasets, median arginine-stimulated copeptin concentrations increased in healthy adult controls (from 5·2 pM [IQR 3·3-10·9] to a maximum of 9·8 pM [6·4-19·6]) and in participants with primary polydipsia (from 3·6 pM [IQR 2·4-5·7] to a maximum of 7·9 pM [5·1-11·8]), but only minimally in those with diabetes insipidus (2·1 pM [IQR 1·9-2·7] to a maximum of 2·5 pM [1·9-3·1]). In the development cohort, a cutoff of 3·5 pM at 60 min provided the highest diagnostic accuracy of 94% (95% CI 84-98). The accuracy of this cutoff in the validation cohort was 86% (95% CI 73-94). By pooling the data from both cohorts, an optimal accuracy of 93% (95% CI 86-97) was reached at a cutoff of 3·8 pM copeptin at 60 min (sensitivity 93%, 95% CI 86-98; specificity 92%, 95% CI 84-100). The test was safe and well tolerated, with median VAS scores of 3·5 (IQR 2-4) in patients with diabetes insipidus, 3 (2-4) in those with primary polydipsia, 1 (1-3) in healthy adults, and 1 (0-5) in healthy children in the pooled participant dataset. Interpretation:
        
      
      Arginine-stimulated copeptin measurements are an innovative test for diabetes insipidus with high diagnostic accuracy, and could be a simplified, novel, and safe diagnostic approach to diabetes insipidus in clinical practice. Funding:
        
      
      Swiss National Science Foundation and University Hospital Basel.","['1 Department of Endocrinology, Diabetology and Metabolism, University Hospital Basel, Basel, Switzerland; Department of Clinical Research, University of Basel and University Hospital Basel, Basel, Switzerland. Electronic address: bettina.winzeler@usb.ch.', '2 Department of Endocrinology, Diabetology and Metabolism, University Hospital Basel, Basel, Switzerland; Department of Clinical Research, University of Basel and University Hospital Basel, Basel, Switzerland.', '3 Clinical Trials Unit, University of Basel and University Hospital Basel, Basel, Switzerland.', ""4 Department of Clinical Research, University of Basel and University Hospital Basel, Basel, Switzerland; Department of Paediatric Endocrinology and Diabetology, University Children's Hospital Basel, Basel, Switzerland."", '5 Department of Internal Medicine, Division of Endocrinology and Diabetes, University Hospital, University of Würzburg, Germany.', '6 Department of Internal Medicine, Division of Endocrinology and Diabetes, University Hospital, University of Würzburg, Germany; Central Laboratory, University Hospital Würzburg, Germany.']","Bettina Winzeler, Nicole Cesana-Nigro, Julie Refardt, Deborah R Vogt, Cornelia Imber, Benedict Morin, Milica Popovic, Michelle Steinmetz, Clara O Sailer, Gabor Szinnai, Irina Chifu, Martin Fassnacht, Mirjam Christ-Crain, ","Lancet (London, England)",2019,NO_KEYWORDS,https://pubmed.ncbi.nlm.nih.gov/31303316
90,Type 2 Diabetes and its Impact on the Immune System,"Introduction:
        
      
      Type 2 Diabetes (T2D) is a major health problem worldwide. This metabolic disease is indicated by high blood glucose levels due to insufficient insulin production by the pancreas. An inflammatory response occurs as a result of the immune response to high blood glucose levels as well as the presence of inflammatory mediators produced by adipocytes and macrophages in fat tissue. This low and chronic inflammation damages the pancreatic beta cells and leads to insufficient insulin production, which results in hyperglycemia. Hyperglycemia in diabetes is thought to cause dysfunction of the immune response, which fails to control the spread of invading pathogens in diabetic subjects. Therefore, diabetic subjects are known to more susceptible to infections. The increased prevalence of T2D will increase the incidence of infectious diseases and related comorbidities. Objective:
        
      
      This review provides an overview of the immunological aspect of T2D and the possible mechanisms that result in increased infections in diabetics. Conclusion:
        
      
      A better understanding of how immune dysfunctions occur during hyperglycemia can lead to novel treatments and preventions for infectious diseases and T2D comorbidities, thus improving the outcome of infectious disease treatment in T2D patients.","['1 Department of Biomedical Sciences, Parasitology Division, Faculty of Medicine, Universitas Padjadjaran, Bandung, Indonesia.', '2 Infectious Disease Research Center, Faculty of Medicine, Universitas Padjadjaran, Bandung, Indonesia.', '3 Department of Biomedical Sciences, Microbiology Division, Faculty of Medicine, Universitas Padjadjaran, Bandung, Indonesia.', '4 Department of Biomedical Sciences, Pharmacology and Therapy Division, Faculty of Medicine, Universitas Padjadjaran, Bandung, Indonesia.']","Afiat Berbudi, Nofri Rahmadika, Adi Imam Tjahjadi, Rovina Ruslami, ",Current diabetes reviews,NO_DATE,Type 2 diabetes; comorbidity; hyperglycemia; immune dysfunction; infection; treatment outcome..,https://pubmed.ncbi.nlm.nih.gov/31657690
91,COVID-19 and diabetes: A bidirectional relationship,"Severe acute respiratory syndrome coronavirus 2 (SARS-CoV-2) is the causal agent of coronavirus disease 2019 (COVID-19). Diabetes is one of the most frequent comorbidities in people with COVID-19 with a prevalence that varies between 7 and 30%. Diabetics infected with SARS-CoV-2 have a higher rate of hospital admission, severe pneumonia, and higher mortality compared to non-diabetic subjects. Chronic hyperglycemia can compromise innate and humoral immunity. Furthermore, diabetes is associated with a low-grade chronic inflammatory state that favors the development of an exaggerated inflammatory response and therefore the appearance of acute respiratory distress syndrome. Recent evidence has shown that SARS-CoV-2 is also capable of causing direct damage to the pancreas that could worsen hyperglycemia and even induce the onset of diabetes in previously non-diabetic subjects. Therapeutic strategies should be aimed at facilitating patient access to the healthcare system. Control of blood glucose and comorbidities must be individualized in order to reduce the incidence of complications and decrease the burden on health systems. In this article we will review the pathophysiological mechanisms that explain the bidirectional relationship between COVID-19 and diabetes mellitus, its implication in the prognosis and management of hyperglycemia in this group of patients.","['1 Unidad de Endocrinología, Diabetes, Metabolismo y Nutrición, Anexo Centro Médico Orinoco, Ciudad Bolívar, Bolívar, Venezuela; Departamento de Ciencias Fisiológicas, Universidad de Oriente, Núcleo Bolívar, Ciudad Bolívar, Bolívar, Venezuela. Electronic address: marcoslimamedical@hotmail.com.', '2 Servicio de Endocrinología, Hospital de Clínicas, Caracas, Venezuela.', '3 Departamento de Fisiopatología, Facultad de Medicina, Universidad de los Andes, Mérida, Venezuela.', '4 Servicio de Oftalmología, Hospital Universitario de Caracas, Caracas, Venezuela.', '5 Centro Médico El Valle, Porlamar, Nueva Esparta, Venezuela.']","Marcos M Lima-Martínez, Carlos Carrera Boada, Marialaura D Madera-Silva, Waleskha Marín, Miguel Contreras, ",Clinica e investigacion en arteriosclerosis : publicacion oficial de la Sociedad Espanola de Arteriosclerosis,NO_DATE,Angiotensin; Angiotensina; COVID-19; Coronavirus; Diabetes; Pandemia; Pandemic.,https://pubmed.ncbi.nlm.nih.gov/33303218
92,Can miR-145-5p be used as a marker in diabetic patients?,"In the light of emerging global epidemics of type 2 diabetes mellitus significant efforts are continuing to discover novel biomarkers for early detection of the disease. Since miRNAs play an important role in both the initiation and progress of many pathologic processes such as diabetes, in this study we aimed to evaluate expression level of plasma miR-145-5p in diabetics and pre-diabetics in comparison to the control group and assess its use as a biomarker in diagnosis of T2D. The plasma level of miR-145-5p was assessed in three groups including 20 prediabetic patients, 20 T2D patients and 20 healthy controls using RT-qPCR. Biochemical parameters were also measured by the auto-analyzer. Expression level of miR-145-5p was down-regulated in the prediabetics and the T2D patients compared to the controls. In the control group miR-145-5p showed a borderline correlation with FBS (p = .06), while in the prediabetic group miR-145 showed a significant negative correlation with FBS and finally in the T2D patients miR-145 was negatively correlated with HbA1c and TC and showed a negative borderline correlation with FBS. The ROC analysis indicated a significant ability for miR-145-5p in discriminating between the diabetics and pre-diabetics from the healthy subjects. Our results demonstrated that the miR-145-5p expression level is deregulated in the diabetics and the prediabetics. Furthermore miR-145-5p displayed a significant ability to discriminate the diabetics from the healthy subjects. These results suggest that miR-145-5p may be a useful biomarker for the diagnosis of T2DM.","['1 Department of Medical Laboratory Sciences, School of Allied Medical Sciences, Shahid Beheshti University of Medical Sciences, Tehran, Iran.', '2 Shohada Hospital, Shahid Beheshti University of Medical Sciences, Tehran, Iran.', '3 Department of Molecular Genetics, Faculty of Biological Sciences, Tarbiat Modares University, Tehran, Iran.', '4 Department of Clinical Biochemistry, Faculty of Medicine, Shahid Beheshti University of Medical Sciences, Tehran, Iran.']","Seyedeh Zahra Shahrokhi, Leyla Saeidi, Mirsaber Sadatamini, Meisam Jafarzadeh, Ali Rahimipour, Faranak Kazerouni, ",Archives of physiology and biochemistry,NO_DATE,MiR-145-5p; microRNAs; prediabetes; type 2 diabetes.,https://pubmed.ncbi.nlm.nih.gov/32412315
93,Pituitary dysfunction in granulomatosis with polyangiitis,"Granulomatosis with polyangiitis (GPA) is a necrotizing granulomatous vasculitis of small vessels that affect the pituitary gland in less than 1% of cases being exceptionally rare. To describe the clinical, biochemical, radiological findings, treatment, and outcomes of 4 patients with GPA-related hypophysitis. A systematic review of published cases with the same diagnosis is presented as well. A cross-sectional case series of patients with hypophysitis due to GPA from 1981 to 2018 at a third level specialty center. Literature review was performed searching in seven different digital databases for terms ""granulomatosis with polyangiitis"" and ""pituitary gland"" or ""hypophysitis,"" including in the analysis all published cases between 1950 and 2019 with a minimum follow-up of 6 months. We found 197 patients with GPA in our institution of whom 4 patients (2.0%) had pituitary involvement. Clinical characteristics and outcomes are described. We also reviewed 7 case series, and 36 case reports describing pituitary dysfunction related to GPA from 1953 to 2019, including the clinical picture of an additional 74 patients. Pituitary dysfunction due to GPA is rare. Treatment is targeted to control systemic manifestations; nevertheless, the outcome of the pituitary function is poor. Central diabetes insipidus, particularly in younger women with other systemic features, should raise suspicion of GPA.Key Points• Involvement of the pituitary gland is an uncommon manifestation in GPA patients. The presence of central diabetes insipidus in the setting of systemic symptoms should prompt its suspicion.• In patients with pituitary involvement due to GPA, affection of other endocrine glands is rare, neither concomitant nor in different times during the disease course. This may arise the hypothesis of a local or regional pathogenesis affection of the gland.• There is no consensus on the best therapy strategy for GPA hypophysitis. Although the use of glucocorticoids with CYC is the most common drug combination, no differences in the outcome of the pituitary function and GPA disease course are seen with other immunosuppressants.• Poor prognosis regarding pituitary function is expected due to possible permanent pituitary tissue damage that results in the need of permanent hormonal replacement.","['1 Clínica de Neuroendocrinología, Departamento de Endocrinología y Metabolismo, Instituto Nacional de Ciencias Médicas y Nutrición Salvador Zubirán, Vasco de Quiroga 15, Sección XVI, Tlalpan, 14000, Mexico City, Mexico.', '2 Departamento de Inmunología y Reumatología, Instituto Nacional de Ciencias Médicas y Nutrición Salvador Zubirán, Mexico City, Mexico.', '3 Clínica de Neuroendocrinología, Departamento de Endocrinología y Metabolismo, Instituto Nacional de Ciencias Médicas y Nutrición Salvador Zubirán, Vasco de Quiroga 15, Sección XVI, Tlalpan, 14000, Mexico City, Mexico. ceptamim@gmail.com.']","Arturo Vega-Beyhart, Irene Rocío Medina-Rangel, Andrea Hinojosa-Azaola, Milagros Fernández-Barrio, Ana Sofía Vargas-Castro, Lucía García-Inciarte, Alberto Guzmán-Pérez, Tania Raisha Torres-Victoria, Froylán David Martínez-Sánchez, Mireya Citlali Pérez-Guzmán, José Miguel Hinojosa-Amaya, Andrés León-Suárez, Miguel Angel Gómez-Sámano, Francisco Javier Gómez-Pérez, Daniel Cuevas-Ramos, ",Clinical rheumatology,NO_DATE,Granulomatosis with polyangiitis; Hypophysitis; Pituitary; Vasculitis.,https://pubmed.ncbi.nlm.nih.gov/31446541
94,Systematic review and practical guideline for the prevention and management of the renal side effects of lithium therapy,"Lithium is the first line therapy of bipolar mood disorder. Lithium-induced nephrogenic diabetes insipidus (Li-NDI) and lithium nephropathy (Li-NP, i.e., renal insufficiency) are prevalent side effects of lithium therapy, with significant morbidity. The objective of this systematic review is to provide an overview of preventive and management strategies for Li-NDI and Li-NP. For this, the PRISMA guideline for systematic reviews was used. Papers on the prevention and/or treatment of Li-NDI or Li-NP, and (influenceable) risk factors for development of Li-NDI or Li-NP were included. We found that the amount of evidence on prevention and treatment of Li-NDI and Li-NP is scarce. To prevent Li-NDI and Li-NP we advise to use a once-daily dosing schedule, target the lowest serum lithium level that is effective and prevent lithium intoxication. We emphasize the importance of monitoring for Li-NDI and Li-NP, as early diagnosis and treatment can prevent further progression and permanent damage. Collaboration between psychiatrist, nephrologist and patients themselves is essential. In patients with Li-NDI and/or Li-NP cessation of lithium therapy and/or switch to another mood stabilizer should be considered. In patients with Li-NDI, off label therapy with amiloride can be useful.","[""1 Department of Nephrology, Jeroen Bosch Ziekenhuis, Henri Dunantstraat 1, 5223 GZ, 's-Hertogenbosch, The Netherlands. Electronic address: t.schoot@jbz.nl."", ""2 Department of Psychiatry, Reinier van Arkel, 's-Hertogenbosch, The Netherlands."", ""3 Department of Nephrology, Jeroen Bosch Ziekenhuis, Henri Dunantstraat 1, 5223 GZ, 's-Hertogenbosch, The Netherlands; Department of Geriatric Medicine, Jeroen Bosch Hospital, 's-Hertogenbosch, The Netherlands.""]","Tessa S Schoot, Thomas H J Molmans, Koen P Grootens, Angèle P M Kerckhoffs, ",European neuropsychopharmacology : the journal of the European College of Neuropsychopharmacology,NO_DATE,Chronic renal insufficiency; Lithium; Nephrogenic diabetes insipidus.,https://pubmed.ncbi.nlm.nih.gov/31837914
95,Monogenic and syndromic diabetes due to endoplasmic reticulum stress,"The endoplasmic reticulum (ER) lies at the crossroads of protein folding, calcium storage, lipid metabolism, and the regulation of autophagy and apoptosis. Accordingly, dysregulation of ER homeostasis leads to β-cell dysfunction in type 1 and type 2 diabetes that ultimately culminates in cell death. The ER is therefore an emerging target for understanding the mechanisms of diabetes mellitus that captures the complex etiologies of this multifactorial class of metabolic disorders. Our strategy for developing ER-targeted diagnostics and therapeutics is to focus on monogenic forms of diabetes related to ER dysregulation in an effort to understand the exact contribution of ER stress to β-cell death. In this manner, we can develop personalized genetic medicine for ERstress-related diabetic disorders, such as Wolfram syndrome. In this article, we describe the phenotypes and molecular pathogenesis of ERstress-related monogenic forms of diabetes.","['1 Department of Pediatrics, Division of Endocrinology and Diabetes, Washington University School of Medicine, St. Louis, MO 63110, USA. Electronic address: sstone@wustl.edu.', '2 Department of Medicine, Division of Endocrinology, Metabolism, and Lipid Research, Washington University School of Medicine, St. Louis, MO 63110, USA.', '3 Department of Medicine, Division of Endocrinology, Metabolism, and Lipid Research, Washington University School of Medicine, St. Louis, MO 63110, USA; Department of Pathology and Immunology, Washington University School of Medicine, St. Louis, MO 63110, USA. Electronic address: urano@wustl.edu.']","Stephen I Stone, Damien Abreu, Janet B McGill, Fumihiko Urano, ",Journal of diabetes and its complications,NO_DATE,ER stress; Endoplasmic reticulum; Genetic medicine; Genetic testing; Personalized medicine; Wolfram syndrome.,https://pubmed.ncbi.nlm.nih.gov/32518033
96,Infant of a Diabetic Mother,"Currently, 3-10 percent of pregnancies are complicated by abnormal glucose control, and the incidence of diabetes mellitus in the U.S. has risen with the obesity epidemic. Pregnancies affected by diabetes often result in abnormal fetal development, including altered growth and nutrient distribution as well as congenital malformations. Prenatal exposure to the diabetic environment places infants at risk for perinatal compromise, complications in the neonatal period, as well as long term metabolic and neurodevelopmental consequences. It is prudent for providers who care for these newborns to be cognizant of these potential complications in order to promptly and appropriately address them.","['1 University of South Dakota Sanford School of Medicine, Sioux Falls, South Dakota.', '2 Sanford Health, Sioux Falls, South Dakota.']","Jacquelyn Em Grev, Kayla M Munger, Sarah M Scott, ",South Dakota medicine : the journal of the South Dakota State Medical Association,NO_DATE,NO_KEYWORDS,https://pubmed.ncbi.nlm.nih.gov/32805783
97,Diabetes or endocrinopathy admitted in the COVID-19 ward,"The Covid-19 pandemic confronted us with unknown clinical pictures, also in diabetology and endocrinology. Sharing clinical experiences is therefore of enormous importance. Actually, information about the care given in the Covid-19 ward (in contrast to that provided in the Emergency Room/ICU) is still sparse. The last weeks we built experience and gathered knowledge while giving hospital care to patients who had a pre-existent endocrine disease (and diabetes; most patients suffered from a type two diabetes). In our contribution we presented our insights obtained from this intensive period obtained in the Covid-19 ward.","['1 Department of Endocrinology, Diabetology and Nephrology, AZ Klina/Sint Jozef, Brasschaat, Belgium.', '2 Department of Endocrinology, Diabetology and Metabolic Disease, AZ Monica, Antwerp, Belgium.', '3 Faculty of Medicine and Health Sciences, University of Antwerp, Antwerp, Belgium.']","Katrien Clotman, Marcel B Twickler, ",European journal of clinical investigation,NO_DATE,COVID-19; diabetes; endocrinology.,https://pubmed.ncbi.nlm.nih.gov/32383239
98,Diabetes insipidus,"Diabetes insipidus (DI) is a disorder characterized by excretion of large amounts of hypotonic urine. Central DI results from a deficiency of the hormone arginine vasopressin (AVP) in the pituitary gland or the hypothalamus, whereas nephrogenic DI results from resistance to AVP in the kidneys. Central and nephrogenic DI are usually acquired, but genetic causes must be evaluated, especially if symptoms occur in early childhood. Central or nephrogenic DI must be differentiated from primary polydipsia, which involves excessive intake of large amounts of water despite normal AVP secretion and action. Primary polydipsia is most common in psychiatric patients and health enthusiasts but the polydipsia in a small subgroup of patients seems to be due to an abnormally low thirst threshold, a condition termed dipsogenic DI. Distinguishing between the different types of DI can be challenging and is done either by a water deprivation test or by hypertonic saline stimulation together with copeptin (or AVP) measurement. Furthermore, a detailed medical history, physical examination and imaging studies are needed to ensure an accurate DI diagnosis. Treatment of DI or primary polydipsia depends on the underlying aetiology and differs in central DI, nephrogenic DI and primary polydipsia.","['1 Division of Endocrinology, Diabetes and Metabolism, University Hospital Basel, Basel, Switzerland. mirjam.christ-crain@unibas.ch.', '2 Department of Clinical Research, University of Basel, Basel, Switzerland. mirjam.christ-crain@unibas.ch.', '3 Division of Nephrology, Hôpital du Sacré-Cœur de Montréal, Montréal, Québec, Canada.', '4 Départements de Médecine, Pharmacologie et Physiologie, Faculté de Médecine, Université de Montréal, Montréal, Québec, Canada.', '5 Medical Department III, Endocrinology, Nephrology, Rheumatology, University Hospital of Leipzig, Leipzig, Germany.', '6 Department of Psychiatry and Behavioral Sciences, Feinberg School of Medicine, Northwestern University, Chicago, IL, USA.', '7 Department of Pediatric and Adolescent Medicine, Aarhus University Hospital, Aarhus, Denmark.', '8 Division of Endocrinology and Metabolism, Georgetown University Medical Center, Washington, DC, USA.', '9 Department of Medicine, University of California, San Francisco, CA, USA.', '10 Department of Physiology, University of California, San Francisco, CA, USA.']","Mirjam Christ-Crain, Daniel G Bichet, Wiebke K Fenske, Morris B Goldman, Soren Rittig, Joseph G Verbalis, Alan S Verkman, ",Nature reviews. Disease primers,2019,NO_KEYWORDS,https://pubmed.ncbi.nlm.nih.gov/31395885
99,Current Landscape of Treatments for Wolfram Syndrome,"Wolfram syndrome is a rare genetic spectrum disorder characterized by insulin-dependent diabetes mellitus, optic nerve atrophy, and progressive neurodegeneration, and ranges from mild to severe clinical symptoms. There is currently no treatment to delay, halt, or reverse the progression of Wolfram syndrome, raising the urgency for innovative therapeutics for this disease. Here, we summarize our vision for developing novel treatment strategies and achieving a cure for Wolfram-syndrome-spectrum disorder.","['1 Department of Medicine, Division of Endocrinology, Metabolism, and Lipid Research, Washington University School of Medicine, St. Louis, MO 63110, USA; Medical Scientist Training Program, Washington University School of Medicine, St. Louis, MO 63110, USA.', '2 Department of Medicine, Division of Endocrinology, Metabolism, and Lipid Research, Washington University School of Medicine, St. Louis, MO 63110, USA; Department of Pathology and Immunology, Washington University School of Medicine, St. Louis, MO 63110, USA. Electronic address: urano@wustl.edu.']","Damien Abreu, Fumihiko Urano, ",Trends in pharmacological sciences,NO_DATE,WFS1; Wolfram syndrome; endoplasmic reticulum; gene therapy; regenerative therapy.,https://pubmed.ncbi.nlm.nih.gov/31420094
100,NO_TITLE,NO_ABSTRACT,NO_AFFILIATIONS,NO_AUTHOR,NO_JOURNAL,NO_DATE,NO_KEYWORDS,https://pubmed.ncbi.nlm.nih.gov/32351453
101,NO_TITLE,NO_ABSTRACT,NO_AFFILIATIONS,NO_AUTHOR,NO_JOURNAL,NO_DATE,NO_KEYWORDS,https://pubmed.ncbi.nlm.nih.gov/32987339
102,NO_TITLE,NO_ABSTRACT,NO_AFFILIATIONS,NO_AUTHOR,NO_JOURNAL,NO_DATE,NO_KEYWORDS,https://pubmed.ncbi.nlm.nih.gov/31059289
103,NO_TITLE,NO_ABSTRACT,NO_AFFILIATIONS,NO_AUTHOR,NO_JOURNAL,NO_DATE,NO_KEYWORDS,https://pubmed.ncbi.nlm.nih.gov/30482069
104,NO_TITLE,NO_ABSTRACT,NO_AFFILIATIONS,NO_AUTHOR,NO_JOURNAL,NO_DATE,NO_KEYWORDS,https://pubmed.ncbi.nlm.nih.gov/30626266
105,NO_TITLE,NO_ABSTRACT,NO_AFFILIATIONS,NO_AUTHOR,NO_JOURNAL,NO_DATE,NO_KEYWORDS,https://pubmed.ncbi.nlm.nih.gov/30911978
106,NO_TITLE,NO_ABSTRACT,NO_AFFILIATIONS,NO_AUTHOR,NO_JOURNAL,NO_DATE,NO_KEYWORDS,https://pubmed.ncbi.nlm.nih.gov/31619755
107,NO_TITLE,NO_ABSTRACT,NO_AFFILIATIONS,NO_AUTHOR,NO_JOURNAL,NO_DATE,NO_KEYWORDS,https://pubmed.ncbi.nlm.nih.gov/33296049
108,NO_TITLE,NO_ABSTRACT,NO_AFFILIATIONS,NO_AUTHOR,NO_JOURNAL,NO_DATE,NO_KEYWORDS,https://pubmed.ncbi.nlm.nih.gov/31836838
109,NO_TITLE,NO_ABSTRACT,NO_AFFILIATIONS,NO_AUTHOR,NO_JOURNAL,NO_DATE,NO_KEYWORDS,https://pubmed.ncbi.nlm.nih.gov/31804035
110,NO_TITLE,NO_ABSTRACT,NO_AFFILIATIONS,NO_AUTHOR,NO_JOURNAL,NO_DATE,NO_KEYWORDS,https://pubmed.ncbi.nlm.nih.gov/32934021
111,NO_TITLE,NO_ABSTRACT,NO_AFFILIATIONS,NO_AUTHOR,NO_JOURNAL,NO_DATE,NO_KEYWORDS,https://pubmed.ncbi.nlm.nih.gov/32588324
112,NO_TITLE,NO_ABSTRACT,NO_AFFILIATIONS,NO_AUTHOR,NO_JOURNAL,NO_DATE,NO_KEYWORDS,https://pubmed.ncbi.nlm.nih.gov/31999590
113,NO_TITLE,NO_ABSTRACT,NO_AFFILIATIONS,NO_AUTHOR,NO_JOURNAL,NO_DATE,NO_KEYWORDS,https://pubmed.ncbi.nlm.nih.gov/31833846
114,NO_TITLE,NO_ABSTRACT,NO_AFFILIATIONS,NO_AUTHOR,NO_JOURNAL,NO_DATE,NO_KEYWORDS,https://pubmed.ncbi.nlm.nih.gov/31791567
115,NO_TITLE,NO_ABSTRACT,NO_AFFILIATIONS,NO_AUTHOR,NO_JOURNAL,NO_DATE,NO_KEYWORDS,https://pubmed.ncbi.nlm.nih.gov/29397066
116,NO_TITLE,NO_ABSTRACT,NO_AFFILIATIONS,NO_AUTHOR,NO_JOURNAL,NO_DATE,NO_KEYWORDS,https://pubmed.ncbi.nlm.nih.gov/32949681
117,NO_TITLE,NO_ABSTRACT,NO_AFFILIATIONS,NO_AUTHOR,NO_JOURNAL,NO_DATE,NO_KEYWORDS,https://pubmed.ncbi.nlm.nih.gov/31494031
118,NO_TITLE,NO_ABSTRACT,NO_AFFILIATIONS,NO_AUTHOR,NO_JOURNAL,NO_DATE,NO_KEYWORDS,https://pubmed.ncbi.nlm.nih.gov/32075388
119,NO_TITLE,NO_ABSTRACT,NO_AFFILIATIONS,NO_AUTHOR,NO_JOURNAL,NO_DATE,NO_KEYWORDS,https://pubmed.ncbi.nlm.nih.gov/31367010
120,NO_TITLE,NO_ABSTRACT,NO_AFFILIATIONS,NO_AUTHOR,NO_JOURNAL,NO_DATE,NO_KEYWORDS,https://pubmed.ncbi.nlm.nih.gov/30445141
121,NO_TITLE,NO_ABSTRACT,NO_AFFILIATIONS,NO_AUTHOR,NO_JOURNAL,NO_DATE,NO_KEYWORDS,https://pubmed.ncbi.nlm.nih.gov/32836076
122,NO_TITLE,NO_ABSTRACT,NO_AFFILIATIONS,NO_AUTHOR,NO_JOURNAL,NO_DATE,NO_KEYWORDS,https://pubmed.ncbi.nlm.nih.gov/32243841
123,NO_TITLE,NO_ABSTRACT,NO_AFFILIATIONS,NO_AUTHOR,NO_JOURNAL,NO_DATE,NO_KEYWORDS,https://pubmed.ncbi.nlm.nih.gov/32972405
124,NO_TITLE,NO_ABSTRACT,NO_AFFILIATIONS,NO_AUTHOR,NO_JOURNAL,NO_DATE,NO_KEYWORDS,https://pubmed.ncbi.nlm.nih.gov/32087739
125,NO_TITLE,NO_ABSTRACT,NO_AFFILIATIONS,NO_AUTHOR,NO_JOURNAL,NO_DATE,NO_KEYWORDS,https://pubmed.ncbi.nlm.nih.gov/32934330
126,NO_TITLE,NO_ABSTRACT,NO_AFFILIATIONS,NO_AUTHOR,NO_JOURNAL,NO_DATE,NO_KEYWORDS,https://pubmed.ncbi.nlm.nih.gov/33226140
127,NO_TITLE,NO_ABSTRACT,NO_AFFILIATIONS,NO_AUTHOR,NO_JOURNAL,NO_DATE,NO_KEYWORDS,https://pubmed.ncbi.nlm.nih.gov/30713326
128,NO_TITLE,NO_ABSTRACT,NO_AFFILIATIONS,NO_AUTHOR,NO_JOURNAL,NO_DATE,NO_KEYWORDS,https://pubmed.ncbi.nlm.nih.gov/33341391
129,NO_TITLE,NO_ABSTRACT,NO_AFFILIATIONS,NO_AUTHOR,NO_JOURNAL,NO_DATE,NO_KEYWORDS,https://pubmed.ncbi.nlm.nih.gov/30205915
130,NO_TITLE,NO_ABSTRACT,NO_AFFILIATIONS,NO_AUTHOR,NO_JOURNAL,NO_DATE,NO_KEYWORDS,https://pubmed.ncbi.nlm.nih.gov/30827228
131,NO_TITLE,NO_ABSTRACT,NO_AFFILIATIONS,NO_AUTHOR,NO_JOURNAL,NO_DATE,NO_KEYWORDS,https://pubmed.ncbi.nlm.nih.gov/32013520
132,NO_TITLE,NO_ABSTRACT,NO_AFFILIATIONS,NO_AUTHOR,NO_JOURNAL,NO_DATE,NO_KEYWORDS,https://pubmed.ncbi.nlm.nih.gov/30665791
133,NO_TITLE,NO_ABSTRACT,NO_AFFILIATIONS,NO_AUTHOR,NO_JOURNAL,NO_DATE,NO_KEYWORDS,https://pubmed.ncbi.nlm.nih.gov/32013812
134,NO_TITLE,NO_ABSTRACT,NO_AFFILIATIONS,NO_AUTHOR,NO_JOURNAL,NO_DATE,NO_KEYWORDS,https://pubmed.ncbi.nlm.nih.gov/31977067
135,NO_TITLE,NO_ABSTRACT,NO_AFFILIATIONS,NO_AUTHOR,NO_JOURNAL,NO_DATE,NO_KEYWORDS,https://pubmed.ncbi.nlm.nih.gov/31054175
136,NO_TITLE,NO_ABSTRACT,NO_AFFILIATIONS,NO_AUTHOR,NO_JOURNAL,NO_DATE,NO_KEYWORDS,https://pubmed.ncbi.nlm.nih.gov/32641768
137,NO_TITLE,NO_ABSTRACT,NO_AFFILIATIONS,NO_AUTHOR,NO_JOURNAL,NO_DATE,NO_KEYWORDS,https://pubmed.ncbi.nlm.nih.gov/32545494
138,NO_TITLE,NO_ABSTRACT,NO_AFFILIATIONS,NO_AUTHOR,NO_JOURNAL,NO_DATE,NO_KEYWORDS,https://pubmed.ncbi.nlm.nih.gov/31575758
139,NO_TITLE,NO_ABSTRACT,NO_AFFILIATIONS,NO_AUTHOR,NO_JOURNAL,NO_DATE,NO_KEYWORDS,https://pubmed.ncbi.nlm.nih.gov/32820388
140,NO_TITLE,NO_ABSTRACT,NO_AFFILIATIONS,NO_AUTHOR,NO_JOURNAL,NO_DATE,NO_KEYWORDS,https://pubmed.ncbi.nlm.nih.gov/31337416
141,NO_TITLE,NO_ABSTRACT,NO_AFFILIATIONS,NO_AUTHOR,NO_JOURNAL,NO_DATE,NO_KEYWORDS,https://pubmed.ncbi.nlm.nih.gov/30408503
142,NO_TITLE,NO_ABSTRACT,NO_AFFILIATIONS,NO_AUTHOR,NO_JOURNAL,NO_DATE,NO_KEYWORDS,https://pubmed.ncbi.nlm.nih.gov/31752602
143,NO_TITLE,NO_ABSTRACT,NO_AFFILIATIONS,NO_AUTHOR,NO_JOURNAL,NO_DATE,NO_KEYWORDS,https://pubmed.ncbi.nlm.nih.gov/33427920
144,NO_TITLE,NO_ABSTRACT,NO_AFFILIATIONS,NO_AUTHOR,NO_JOURNAL,NO_DATE,NO_KEYWORDS,https://pubmed.ncbi.nlm.nih.gov/31230909
145,NO_TITLE,NO_ABSTRACT,NO_AFFILIATIONS,NO_AUTHOR,NO_JOURNAL,NO_DATE,NO_KEYWORDS,https://pubmed.ncbi.nlm.nih.gov/30269342
146,NO_TITLE,NO_ABSTRACT,NO_AFFILIATIONS,NO_AUTHOR,NO_JOURNAL,NO_DATE,NO_KEYWORDS,https://pubmed.ncbi.nlm.nih.gov/32908881
147,NO_TITLE,NO_ABSTRACT,NO_AFFILIATIONS,NO_AUTHOR,NO_JOURNAL,NO_DATE,NO_KEYWORDS,https://pubmed.ncbi.nlm.nih.gov/32089988
148,NO_TITLE,NO_ABSTRACT,NO_AFFILIATIONS,NO_AUTHOR,NO_JOURNAL,NO_DATE,NO_KEYWORDS,https://pubmed.ncbi.nlm.nih.gov/33041089
149,NO_TITLE,NO_ABSTRACT,NO_AFFILIATIONS,NO_AUTHOR,NO_JOURNAL,NO_DATE,NO_KEYWORDS,https://pubmed.ncbi.nlm.nih.gov/29912446
150,NO_TITLE,NO_ABSTRACT,NO_AFFILIATIONS,NO_AUTHOR,NO_JOURNAL,NO_DATE,NO_KEYWORDS,https://pubmed.ncbi.nlm.nih.gov/30923915
151,NO_TITLE,NO_ABSTRACT,NO_AFFILIATIONS,NO_AUTHOR,NO_JOURNAL,NO_DATE,NO_KEYWORDS,https://pubmed.ncbi.nlm.nih.gov/31487500
152,NO_TITLE,NO_ABSTRACT,NO_AFFILIATIONS,NO_AUTHOR,NO_JOURNAL,NO_DATE,NO_KEYWORDS,https://pubmed.ncbi.nlm.nih.gov/30334138
153,NO_TITLE,NO_ABSTRACT,NO_AFFILIATIONS,NO_AUTHOR,NO_JOURNAL,NO_DATE,NO_KEYWORDS,https://pubmed.ncbi.nlm.nih.gov/32387665
154,NO_TITLE,NO_ABSTRACT,NO_AFFILIATIONS,NO_AUTHOR,NO_JOURNAL,NO_DATE,NO_KEYWORDS,https://pubmed.ncbi.nlm.nih.gov/31241371
155,NO_TITLE,NO_ABSTRACT,NO_AFFILIATIONS,NO_AUTHOR,NO_JOURNAL,NO_DATE,NO_KEYWORDS,https://pubmed.ncbi.nlm.nih.gov/30599757
156,NO_TITLE,NO_ABSTRACT,NO_AFFILIATIONS,NO_AUTHOR,NO_JOURNAL,NO_DATE,NO_KEYWORDS,https://pubmed.ncbi.nlm.nih.gov/33173229
157,NO_TITLE,NO_ABSTRACT,NO_AFFILIATIONS,NO_AUTHOR,NO_JOURNAL,NO_DATE,NO_KEYWORDS,https://pubmed.ncbi.nlm.nih.gov/30816641
158,NO_TITLE,NO_ABSTRACT,NO_AFFILIATIONS,NO_AUTHOR,NO_JOURNAL,NO_DATE,NO_KEYWORDS,https://pubmed.ncbi.nlm.nih.gov/33357730
159,NO_TITLE,NO_ABSTRACT,NO_AFFILIATIONS,NO_AUTHOR,NO_JOURNAL,NO_DATE,NO_KEYWORDS,https://pubmed.ncbi.nlm.nih.gov/31692902
160,NO_TITLE,NO_ABSTRACT,NO_AFFILIATIONS,NO_AUTHOR,NO_JOURNAL,NO_DATE,NO_KEYWORDS,https://pubmed.ncbi.nlm.nih.gov/32413342
161,NO_TITLE,NO_ABSTRACT,NO_AFFILIATIONS,NO_AUTHOR,NO_JOURNAL,NO_DATE,NO_KEYWORDS,https://pubmed.ncbi.nlm.nih.gov/33322834
162,NO_TITLE,NO_ABSTRACT,NO_AFFILIATIONS,NO_AUTHOR,NO_JOURNAL,NO_DATE,NO_KEYWORDS,https://pubmed.ncbi.nlm.nih.gov/33305674
163,NO_TITLE,NO_ABSTRACT,NO_AFFILIATIONS,NO_AUTHOR,NO_JOURNAL,NO_DATE,NO_KEYWORDS,https://pubmed.ncbi.nlm.nih.gov/31092338
164,NO_TITLE,NO_ABSTRACT,NO_AFFILIATIONS,NO_AUTHOR,NO_JOURNAL,NO_DATE,NO_KEYWORDS,https://pubmed.ncbi.nlm.nih.gov/31761807
165,NO_TITLE,NO_ABSTRACT,NO_AFFILIATIONS,NO_AUTHOR,NO_JOURNAL,NO_DATE,NO_KEYWORDS,https://pubmed.ncbi.nlm.nih.gov/31091953
166,NO_TITLE,NO_ABSTRACT,NO_AFFILIATIONS,NO_AUTHOR,NO_JOURNAL,NO_DATE,NO_KEYWORDS,https://pubmed.ncbi.nlm.nih.gov/30794937
167,NO_TITLE,NO_ABSTRACT,NO_AFFILIATIONS,NO_AUTHOR,NO_JOURNAL,NO_DATE,NO_KEYWORDS,https://pubmed.ncbi.nlm.nih.gov/31492504
168,NO_TITLE,NO_ABSTRACT,NO_AFFILIATIONS,NO_AUTHOR,NO_JOURNAL,NO_DATE,NO_KEYWORDS,https://pubmed.ncbi.nlm.nih.gov/32578168
169,NO_TITLE,NO_ABSTRACT,NO_AFFILIATIONS,NO_AUTHOR,NO_JOURNAL,NO_DATE,NO_KEYWORDS,https://pubmed.ncbi.nlm.nih.gov/31361246
170,NO_TITLE,NO_ABSTRACT,NO_AFFILIATIONS,NO_AUTHOR,NO_JOURNAL,NO_DATE,NO_KEYWORDS,https://pubmed.ncbi.nlm.nih.gov/30800291
171,NO_TITLE,NO_ABSTRACT,NO_AFFILIATIONS,NO_AUTHOR,NO_JOURNAL,NO_DATE,NO_KEYWORDS,https://pubmed.ncbi.nlm.nih.gov/33347867
172,NO_TITLE,NO_ABSTRACT,NO_AFFILIATIONS,NO_AUTHOR,NO_JOURNAL,NO_DATE,NO_KEYWORDS,https://pubmed.ncbi.nlm.nih.gov/33137625
173,NO_TITLE,NO_ABSTRACT,NO_AFFILIATIONS,NO_AUTHOR,NO_JOURNAL,NO_DATE,NO_KEYWORDS,https://pubmed.ncbi.nlm.nih.gov/32387663
174,NO_TITLE,NO_ABSTRACT,NO_AFFILIATIONS,NO_AUTHOR,NO_JOURNAL,NO_DATE,NO_KEYWORDS,https://pubmed.ncbi.nlm.nih.gov/32141610
175,NO_TITLE,NO_ABSTRACT,NO_AFFILIATIONS,NO_AUTHOR,NO_JOURNAL,NO_DATE,NO_KEYWORDS,https://pubmed.ncbi.nlm.nih.gov/33189592
176,NO_TITLE,NO_ABSTRACT,NO_AFFILIATIONS,NO_AUTHOR,NO_JOURNAL,NO_DATE,NO_KEYWORDS,https://pubmed.ncbi.nlm.nih.gov/31819161
177,NO_TITLE,NO_ABSTRACT,NO_AFFILIATIONS,NO_AUTHOR,NO_JOURNAL,NO_DATE,NO_KEYWORDS,https://pubmed.ncbi.nlm.nih.gov/32616318
178,NO_TITLE,NO_ABSTRACT,NO_AFFILIATIONS,NO_AUTHOR,NO_JOURNAL,NO_DATE,NO_KEYWORDS,https://pubmed.ncbi.nlm.nih.gov/32413571
179,NO_TITLE,NO_ABSTRACT,NO_AFFILIATIONS,NO_AUTHOR,NO_JOURNAL,NO_DATE,NO_KEYWORDS,https://pubmed.ncbi.nlm.nih.gov/31166037
180,NO_TITLE,NO_ABSTRACT,NO_AFFILIATIONS,NO_AUTHOR,NO_JOURNAL,NO_DATE,NO_KEYWORDS,https://pubmed.ncbi.nlm.nih.gov/31928727
181,NO_TITLE,NO_ABSTRACT,NO_AFFILIATIONS,NO_AUTHOR,NO_JOURNAL,NO_DATE,NO_KEYWORDS,https://pubmed.ncbi.nlm.nih.gov/31935866
182,NO_TITLE,NO_ABSTRACT,NO_AFFILIATIONS,NO_AUTHOR,NO_JOURNAL,NO_DATE,NO_KEYWORDS,https://pubmed.ncbi.nlm.nih.gov/31133226
183,NO_TITLE,NO_ABSTRACT,NO_AFFILIATIONS,NO_AUTHOR,NO_JOURNAL,NO_DATE,NO_KEYWORDS,https://pubmed.ncbi.nlm.nih.gov/32503055
184,NO_TITLE,NO_ABSTRACT,NO_AFFILIATIONS,NO_AUTHOR,NO_JOURNAL,NO_DATE,NO_KEYWORDS,https://pubmed.ncbi.nlm.nih.gov/30686254
185,NO_TITLE,NO_ABSTRACT,NO_AFFILIATIONS,NO_AUTHOR,NO_JOURNAL,NO_DATE,NO_KEYWORDS,https://pubmed.ncbi.nlm.nih.gov/30708040
186,NO_TITLE,NO_ABSTRACT,NO_AFFILIATIONS,NO_AUTHOR,NO_JOURNAL,NO_DATE,NO_KEYWORDS,https://pubmed.ncbi.nlm.nih.gov/30712671
187,NO_TITLE,NO_ABSTRACT,NO_AFFILIATIONS,NO_AUTHOR,NO_JOURNAL,NO_DATE,NO_KEYWORDS,https://pubmed.ncbi.nlm.nih.gov/31004513
188,NO_TITLE,NO_ABSTRACT,NO_AFFILIATIONS,NO_AUTHOR,NO_JOURNAL,NO_DATE,NO_KEYWORDS,https://pubmed.ncbi.nlm.nih.gov/31375124
189,NO_TITLE,NO_ABSTRACT,NO_AFFILIATIONS,NO_AUTHOR,NO_JOURNAL,NO_DATE,NO_KEYWORDS,https://pubmed.ncbi.nlm.nih.gov/33143816
190,NO_TITLE,NO_ABSTRACT,NO_AFFILIATIONS,NO_AUTHOR,NO_JOURNAL,NO_DATE,NO_KEYWORDS,https://pubmed.ncbi.nlm.nih.gov/32374887
191,NO_TITLE,NO_ABSTRACT,NO_AFFILIATIONS,NO_AUTHOR,NO_JOURNAL,NO_DATE,NO_KEYWORDS,https://pubmed.ncbi.nlm.nih.gov/32792133
192,NO_TITLE,NO_ABSTRACT,NO_AFFILIATIONS,NO_AUTHOR,NO_JOURNAL,NO_DATE,NO_KEYWORDS,https://pubmed.ncbi.nlm.nih.gov/30391097
193,NO_TITLE,NO_ABSTRACT,NO_AFFILIATIONS,NO_AUTHOR,NO_JOURNAL,NO_DATE,NO_KEYWORDS,https://pubmed.ncbi.nlm.nih.gov/31559772
194,NO_TITLE,NO_ABSTRACT,NO_AFFILIATIONS,NO_AUTHOR,NO_JOURNAL,NO_DATE,NO_KEYWORDS,https://pubmed.ncbi.nlm.nih.gov/30948803
195,NO_TITLE,NO_ABSTRACT,NO_AFFILIATIONS,NO_AUTHOR,NO_JOURNAL,NO_DATE,NO_KEYWORDS,https://pubmed.ncbi.nlm.nih.gov/31656992
196,NO_TITLE,NO_ABSTRACT,NO_AFFILIATIONS,NO_AUTHOR,NO_JOURNAL,NO_DATE,NO_KEYWORDS,https://pubmed.ncbi.nlm.nih.gov/32191363
197,NO_TITLE,NO_ABSTRACT,NO_AFFILIATIONS,NO_AUTHOR,NO_JOURNAL,NO_DATE,NO_KEYWORDS,https://pubmed.ncbi.nlm.nih.gov/32279606
198,NO_TITLE,NO_ABSTRACT,NO_AFFILIATIONS,NO_AUTHOR,NO_JOURNAL,NO_DATE,NO_KEYWORDS,https://pubmed.ncbi.nlm.nih.gov/32647958
199,NO_TITLE,NO_ABSTRACT,NO_AFFILIATIONS,NO_AUTHOR,NO_JOURNAL,NO_DATE,NO_KEYWORDS,https://pubmed.ncbi.nlm.nih.gov/31220239
